index,keyword,slug,status,output_path,hash,message,title,description,canonical,generated_at
1,서울 강남구 입주청소,seoul-gangnam-gu-move-in-cleaning,UPDATED,C:\Users\USER\Desktop\웹페이지대량\deploys\seoul-gangnam-gu-move-in-cleaning\index.html,4777d06cdda0c1775aba234400f377b6,생성 완료,서울 강남구 입주청소 | 체인지클린,"서울 강남구 입주청소 전문업체 체인지클린. 현장 상황에 맞춘 입주청소, 이사청소, 상가청소, 사무실청소 상담을 안내합니다.",https://changeclean1.netlify.app/seoul-gangnam-gu-move-in-cleaning/,2026-07-07 21:51:23
2,서울 강남구 입주청소 전문업체,seoul-gangnam-gu-move-in-cleaning-company,UPDATED,C:\Users\USER\Desktop\웹페이지대량\deploys\seoul-gangnam-gu-move-in-cleaning-company\index.html,fcc76bfdfc2de2ad66fe7cd5f4eb9cde,생성 완료,서울 강남구 입주청소 전문업체 | 체인지클린,"서울 강남구 입주청소 전문업체 전문업체 체인지클린. 현장 상황에 맞춘 입주청소, 이사청소, 상가청소, 사무실청소 상담을 안내합니다.",https://changeclean1.netlify.app/seoul-gangnam-gu-move-in-cleaning-company/,2026-07-07 21:51:23
3,서울 강남구 입주청소 잘하는곳,seoul-gangnam-gu-move-in-cleaning-best,UPDATED,C:\Users\USER\Desktop\웹페이지대량\deploys\seoul-gangnam-gu-move-in-cleaning-best\index.html,3d6e5efb9ec1684baf623e7f742fe249,생성 완료,서울 강남구 입주청소 잘하는곳 | 체인지클린,"서울 강남구 입주청소 잘하는곳 전문업체 체인지클린. 현장 상황에 맞춘 입주청소, 이사청소, 상가청소, 사무실청소 상담을 안내합니다.",https://changeclean1.netlify.app/seoul-gangnam-gu-move-in-cleaning-best/,2026-07-07 21:51:23
4,서울 강남구 입주청소 가격,seoul-gangnam-gu-move-in-cleaning-price,UPDATED,C:\Users\USER\Desktop\웹페이지대량\deploys\seoul-gangnam-gu-move-in-cleaning-price\index.html,9ddc05915d81e4c0ce7fef6930d98250,생성 완료,서울 강남구 입주청소 가격 | 체인지클린,"서울 강남구 입주청소 가격 전문업체 체인지클린. 현장 상황에 맞춘 입주청소, 이사청소, 상가청소, 사무실청소 상담을 안내합니다.",https://changeclean1.netlify.app/seoul-gangnam-gu-move-in-cleaning-price/,2026-07-07 21:51:23
5,서울 강남구 입주청소 비용,seoul-gangnam-gu-move-in-cleaning-cost,UPDATED,C:\Users\USER\Desktop\웹페이지대량\deploys\seoul-gangnam-gu-move-in-cleaning-cost\index.html,2993fb1a2a04b51f7fb2b66dc93ce1ce,생성 완료,서울 강남구 입주청소 비용 | 체인지클린,"서울 강남구 입주청소 비용 전문업체 체인지클린. 현장 상황에 맞춘 입주청소, 이사청소, 상가청소, 사무실청소 상담을 안내합니다.",https://changeclean1.netlify.app/seoul-gangnam-gu-move-in-cleaning-cost/,2026-07-07 21:51:23
6,서울 강남구 입주청소 견적,seoul-gangnam-gu-move-in-cleaning-quote,UPDATED,C:\Users\USER\Desktop\웹페이지대량\deploys\seoul-gangnam-gu-move-in-cleaning-quote\index.html,73fc6820c3aa72c29afa75e6527b784c,생성 완료,서울 강남구 입주청소 견적 | 체인지클린,"서울 강남구 입주청소 견적 전문업체 체인지클린. 현장 상황에 맞춘 입주청소, 이사청소, 상가청소, 사무실청소 상담을 안내합니다.",https://changeclean1.netlify.app/seoul-gangnam-gu-move-in-cleaning-quote/,2026-07-07 21:51:23
7,서울 강남구 이사청소,seoul-gangnam-gu-move-out-cleaning,UPDATED,C:\Users\USER\Desktop\웹페이지대량\deploys\seoul-gangnam-gu-move-out-cleaning\index.html,2b537bb61cb8a504ab81a8dbc7cc421a,생성 완료,서울 강남구 이사청소 | 체인지클린,"서울 강남구 이사청소 전문업체 체인지클린. 현장 상황에 맞춘 입주청소, 이사청소, 상가청소, 사무실청소 상담을 안내합니다.",https://changeclean1.netlify.app/seoul-gangnam-gu-move-out-cleaning/,2026-07-07 21:51:23
8,서울 강남구 이사청소 전문업체,seoul-gangnam-gu-move-out-cleaning-company,UPDATED,C:\Users\USER\Desktop\웹페이지대량\deploys\seoul-gangnam-gu-move-out-cleaning-company\index.html,aa44ed773acd5f551dc56126ca67b857,생성 완료,서울 강남구 이사청소 전문업체 | 체인지클린,"서울 강남구 이사청소 전문업체 전문업체 체인지클린. 현장 상황에 맞춘 입주청소, 이사청소, 상가청소, 사무실청소 상담을 안내합니다.",https://changeclean1.netlify.app/seoul-gangnam-gu-move-out-cleaning-company/,2026-07-07 21:51:23
9,서울 강남구 이사청소 잘하는곳,seoul-gangnam-gu-move-out-cleaning-best,UPDATED,C:\Users\USER\Desktop\웹페이지대량\deploys\seoul-gangnam-gu-move-out-cleaning-best\index.html,9974f73386be1ea4583f4d06e3530df9,생성 완료,서울 강남구 이사청소 잘하는곳 | 체인지클린,"서울 강남구 이사청소 잘하는곳 전문업체 체인지클린. 현장 상황에 맞춘 입주청소, 이사청소, 상가청소, 사무실청소 상담을 안내합니다.",https://changeclean1.netlify.app/seoul-gangnam-gu-move-out-cleaning-best/,2026-07-07 21:51:23
10,서울 강남구 이사청소 가격,seoul-gangnam-gu-move-out-cleaning-price,UPDATED,C:\Users\USER\Desktop\웹페이지대량\deploys\seoul-gangnam-gu-move-out-cleaning-price\index.html,b574c06d9c97baf367e796112367a4c0,생성 완료,서울 강남구 이사청소 가격 | 체인지클린,"서울 강남구 이사청소 가격 전문업체 체인지클린. 현장 상황에 맞춘 입주청소, 이사청소, 상가청소, 사무실청소 상담을 안내합니다.",https://changeclean1.netlify.app/seoul-gangnam-gu-move-out-cleaning-price/,2026-07-07 21:51:23
11,서울 강남구 이사청소 비용,seoul-gangnam-gu-move-out-cleaning-cost,UPDATED,C:\Users\USER\Desktop\웹페이지대량\deploys\seoul-gangnam-gu-move-out-cleaning-cost\index.html,6d31a0a0fac14523bf679442ab270b3f,생성 완료,서울 강남구 이사청소 비용 | 체인지클린,"서울 강남구 이사청소 비용 전문업체 체인지클린. 현장 상황에 맞춘 입주청소, 이사청소, 상가청소, 사무실청소 상담을 안내합니다.",https://changeclean1.netlify.app/seoul-gangnam-gu-move-out-cleaning-cost/,2026-07-07 21:51:23
12,서울 강남구 이사청소 견적,seoul-gangnam-gu-move-out-cleaning-quote,UPDATED,C:\Users\USER\Desktop\웹페이지대량\deploys\seoul-gangnam-gu-move-out-cleaning-quote\index.html,3c91549a9ee30a5bff6a2261688f95c5,생성 완료,서울 강남구 이사청소 견적 | 체인지클린,"서울 강남구 이사청소 견적 전문업체 체인지클린. 현장 상황에 맞춘 입주청소, 이사청소, 상가청소, 사무실청소 상담을 안내합니다.",https://changeclean1.netlify.app/seoul-gangnam-gu-move-out-cleaning-quote/,2026-07-07 21:51:23
13,서울 강남구 준공청소,seoul-gangnam-gu-post-construction-cleaning,UPDATED,C:\Users\USER\Desktop\웹페이지대량\deploys\seoul-gangnam-gu-post-construction-cleaning\index.html,c9ac72b701a95d51631149908d62ed85,생성 완료,서울 강남구 준공청소 | 체인지클린,"서울 강남구 준공청소 전문업체 체인지클린. 현장 상황에 맞춘 입주청소, 이사청소, 상가청소, 사무실청소 상담을 안내합니다.",https://changeclean1.netlify.app/seoul-gangnam-gu-post-construction-cleaning/,2026-07-07 21:51:23
14,서울 강남구 준공청소 전문업체,seoul-gangnam-gu-post-construction-cleaning-company,UPDATED,C:\Users\USER\Desktop\웹페이지대량\deploys\seoul-gangnam-gu-post-construction-cleaning-company\index.html,1ac7b5b9a4775844f4602a4a5447f7f4,생성 완료,서울 강남구 준공청소 전문업체 | 체인지클린,"서울 강남구 준공청소 전문업체 전문업체 체인지클린. 현장 상황에 맞춘 입주청소, 이사청소, 상가청소, 사무실청소 상담을 안내합니다.",https://changeclean1.netlify.app/seoul-gangnam-gu-post-construction-cleaning-company/,2026-07-07 21:51:23
15,서울 강남구 준공청소 잘하는곳,seoul-gangnam-gu-post-construction-cleaning-best,UPDATED,C:\Users\USER\Desktop\웹페이지대량\deploys\seoul-gangnam-gu-post-construction-cleaning-best\index.html,718e0ea1ed894772ebe0c63ce0d6ffeb,생성 완료,서울 강남구 준공청소 잘하는곳 | 체인지클린,"서울 강남구 준공청소 잘하는곳 전문업체 체인지클린. 현장 상황에 맞춘 입주청소, 이사청소, 상가청소, 사무실청소 상담을 안내합니다.",https://changeclean1.netlify.app/seoul-gangnam-gu-post-construction-cleaning-best/,2026-07-07 21:51:23
16,서울 강남구 준공청소 가격,seoul-gangnam-gu-post-construction-cleaning-price,UPDATED,C:\Users\USER\Desktop\웹페이지대량\deploys\seoul-gangnam-gu-post-construction-cleaning-price\index.html,1a47684be88f31dfbaeac52dff12b9ec,생성 완료,서울 강남구 준공청소 가격 | 체인지클린,"서울 강남구 준공청소 가격 전문업체 체인지클린. 현장 상황에 맞춘 입주청소, 이사청소, 상가청소, 사무실청소 상담을 안내합니다.",https://changeclean1.netlify.app/seoul-gangnam-gu-post-construction-cleaning-price/,2026-07-07 21:51:23
17,서울 강남구 준공청소 비용,seoul-gangnam-gu-post-construction-cleaning-cost,UPDATED,C:\Users\USER\Desktop\웹페이지대량\deploys\seoul-gangnam-gu-post-construction-cleaning-cost\index.html,943ff4c9ae8ede137c78de39eb7b698e,생성 완료,서울 강남구 준공청소 비용 | 체인지클린,"서울 강남구 준공청소 비용 전문업체 체인지클린. 현장 상황에 맞춘 입주청소, 이사청소, 상가청소, 사무실청소 상담을 안내합니다.",https://changeclean1.netlify.app/seoul-gangnam-gu-post-construction-cleaning-cost/,2026-07-07 21:51:23
18,서울 강남구 준공청소 견적,seoul-gangnam-gu-post-construction-cleaning-quote,UPDATED,C:\Users\USER\Desktop\웹페이지대량\deploys\seoul-gangnam-gu-post-construction-cleaning-quote\index.html,c8411e7951eb5ad91aeac5064c5fa210,생성 완료,서울 강남구 준공청소 견적 | 체인지클린,"서울 강남구 준공청소 견적 전문업체 체인지클린. 현장 상황에 맞춘 입주청소, 이사청소, 상가청소, 사무실청소 상담을 안내합니다.",https://changeclean1.netlify.app/seoul-gangnam-gu-post-construction-cleaning-quote/,2026-07-07 21:51:23
19,서울 강남구 상가청소,seoul-gangnam-gu-store-cleaning,UPDATED,C:\Users\USER\Desktop\웹페이지대량\deploys\seoul-gangnam-gu-store-cleaning\index.html,ad08e283649b0707105275d28d42f323,생성 완료,서울 강남구 상가청소 | 체인지클린,"서울 강남구 상가청소 전문업체 체인지클린. 현장 상황에 맞춘 입주청소, 이사청소, 상가청소, 사무실청소 상담을 안내합니다.",https://changeclean1.netlify.app/seoul-gangnam-gu-store-cleaning/,2026-07-07 21:51:23
20,서울 강남구 상가청소 전문업체,seoul-gangnam-gu-store-cleaning-company,UPDATED,C:\Users\USER\Desktop\웹페이지대량\deploys\seoul-gangnam-gu-store-cleaning-company\index.html,77c83ef8c0960d1d67501785a2cbcf72,생성 완료,서울 강남구 상가청소 전문업체 | 체인지클린,"서울 강남구 상가청소 전문업체 전문업체 체인지클린. 현장 상황에 맞춘 입주청소, 이사청소, 상가청소, 사무실청소 상담을 안내합니다.",https://changeclean1.netlify.app/seoul-gangnam-gu-store-cleaning-company/,2026-07-07 21:51:23
21,서울 강남구 상가청소 잘하는곳,seoul-gangnam-gu-store-cleaning-best,UPDATED,C:\Users\USER\Desktop\웹페이지대량\deploys\seoul-gangnam-gu-store-cleaning-best\index.html,5730d6d4e8279e92906147c0b306d401,생성 완료,서울 강남구 상가청소 잘하는곳 | 체인지클린,"서울 강남구 상가청소 잘하는곳 전문업체 체인지클린. 현장 상황에 맞춘 입주청소, 이사청소, 상가청소, 사무실청소 상담을 안내합니다.",https://changeclean1.netlify.app/seoul-gangnam-gu-store-cleaning-best/,2026-07-07 21:51:23
22,서울 강남구 상가청소 가격,seoul-gangnam-gu-store-cleaning-price,UPDATED,C:\Users\USER\Desktop\웹페이지대량\deploys\seoul-gangnam-gu-store-cleaning-price\index.html,1e1b1c6e20a0b9b1bf9e3a6d49d0bfa9,생성 완료,서울 강남구 상가청소 가격 | 체인지클린,"서울 강남구 상가청소 가격 전문업체 체인지클린. 현장 상황에 맞춘 입주청소, 이사청소, 상가청소, 사무실청소 상담을 안내합니다.",https://changeclean1.netlify.app/seoul-gangnam-gu-store-cleaning-price/,2026-07-07 21:51:23
23,서울 강남구 상가청소 비용,seoul-gangnam-gu-store-cleaning-cost,UPDATED,C:\Users\USER\Desktop\웹페이지대량\deploys\seoul-gangnam-gu-store-cleaning-cost\index.html,6239b942e303fc120ef1bd1dddef7b33,생성 완료,서울 강남구 상가청소 비용 | 체인지클린,"서울 강남구 상가청소 비용 전문업체 체인지클린. 현장 상황에 맞춘 입주청소, 이사청소, 상가청소, 사무실청소 상담을 안내합니다.",https://changeclean1.netlify.app/seoul-gangnam-gu-store-cleaning-cost/,2026-07-07 21:51:23
24,서울 강남구 상가청소 견적,seoul-gangnam-gu-store-cleaning-quote,UPDATED,C:\Users\USER\Desktop\웹페이지대량\deploys\seoul-gangnam-gu-store-cleaning-quote\index.html,ae2e64c8df2a9f56cea7280659af8f00,생성 완료,서울 강남구 상가청소 견적 | 체인지클린,"서울 강남구 상가청소 견적 전문업체 체인지클린. 현장 상황에 맞춘 입주청소, 이사청소, 상가청소, 사무실청소 상담을 안내합니다.",https://changeclean1.netlify.app/seoul-gangnam-gu-store-cleaning-quote/,2026-07-07 21:51:23
25,서울 강남구 사무실청소,seoul-gangnam-gu-office-cleaning,UPDATED,C:\Users\USER\Desktop\웹페이지대량\deploys\seoul-gangnam-gu-office-cleaning\index.html,27186e50f342216272b18ca59400ed5b,생성 완료,서울 강남구 사무실청소 | 체인지클린,"서울 강남구 사무실청소 전문업체 체인지클린. 현장 상황에 맞춘 입주청소, 이사청소, 상가청소, 사무실청소 상담을 안내합니다.",https://changeclean1.netlify.app/seoul-gangnam-gu-office-cleaning/,2026-07-07 21:51:23
26,서울 강남구 사무실청소 전문업체,seoul-gangnam-gu-office-cleaning-company,UPDATED,C:\Users\USER\Desktop\웹페이지대량\deploys\seoul-gangnam-gu-office-cleaning-company\index.html,941e59831a662b5813eff0d130061f06,생성 완료,서울 강남구 사무실청소 전문업체 | 체인지클린,"서울 강남구 사무실청소 전문업체 전문업체 체인지클린. 현장 상황에 맞춘 입주청소, 이사청소, 상가청소, 사무실청소 상담을 안내합니다.",https://changeclean1.netlify.app/seoul-gangnam-gu-office-cleaning-company/,2026-07-07 21:51:23
27,서울 강남구 사무실청소 잘하는곳,seoul-gangnam-gu-office-cleaning-best,UPDATED,C:\Users\USER\Desktop\웹페이지대량\deploys\seoul-gangnam-gu-office-cleaning-best\index.html,7fe8e6f14fa853cb9eb2fa1f623fd336,생성 완료,서울 강남구 사무실청소 잘하는곳 | 체인지클린,"서울 강남구 사무실청소 잘하는곳 전문업체 체인지클린. 현장 상황에 맞춘 입주청소, 이사청소, 상가청소, 사무실청소 상담을 안내합니다.",https://changeclean1.netlify.app/seoul-gangnam-gu-office-cleaning-best/,2026-07-07 21:51:23
28,서울 강남구 사무실청소 가격,seoul-gangnam-gu-office-cleaning-price,UPDATED,C:\Users\USER\Desktop\웹페이지대량\deploys\seoul-gangnam-gu-office-cleaning-price\index.html,c3003f0c2b752701bff73504a9ed2490,생성 완료,서울 강남구 사무실청소 가격 | 체인지클린,"서울 강남구 사무실청소 가격 전문업체 체인지클린. 현장 상황에 맞춘 입주청소, 이사청소, 상가청소, 사무실청소 상담을 안내합니다.",https://changeclean1.netlify.app/seoul-gangnam-gu-office-cleaning-price/,2026-07-07 21:51:23
29,서울 강남구 사무실청소 비용,seoul-gangnam-gu-office-cleaning-cost,UPDATED,C:\Users\USER\Desktop\웹페이지대량\deploys\seoul-gangnam-gu-office-cleaning-cost\index.html,8b8801e9804d42a4e1e11dc984b8fa53,생성 완료,서울 강남구 사무실청소 비용 | 체인지클린,"서울 강남구 사무실청소 비용 전문업체 체인지클린. 현장 상황에 맞춘 입주청소, 이사청소, 상가청소, 사무실청소 상담을 안내합니다.",https://changeclean1.netlify.app/seoul-gangnam-gu-office-cleaning-cost/,2026-07-07 21:51:23
30,서울 강남구 사무실청소 견적,seoul-gangnam-gu-office-cleaning-quote,UPDATED,C:\Users\USER\Desktop\웹페이지대량\deploys\seoul-gangnam-gu-office-cleaning-quote\index.html,284f860f684287cf17b2f2df4f63087a,생성 완료,서울 강남구 사무실청소 견적 | 체인지클린,"서울 강남구 사무실청소 견적 전문업체 체인지클린. 현장 상황에 맞춘 입주청소, 이사청소, 상가청소, 사무실청소 상담을 안내합니다.",https://changeclean1.netlify.app/seoul-gangnam-gu-office-cleaning-quote/,2026-07-07 21:51:23
31,서울 강남구 빌라청소,seoul-gangnam-gu-villa-cleaning,UPDATED,C:\Users\USER\Desktop\웹페이지대량\deploys\seoul-gangnam-gu-villa-cleaning\index.html,f0a7e0da2782728aa0b6e3274940a8d3,생성 완료,서울 강남구 빌라청소 | 체인지클린,"서울 강남구 빌라청소 전문업체 체인지클린. 현장 상황에 맞춘 입주청소, 이사청소, 상가청소, 사무실청소 상담을 안내합니다.",https://changeclean1.netlify.app/seoul-gangnam-gu-villa-cleaning/,2026-07-07 21:51:23
32,서울 강남구 빌라청소 전문업체,seoul-gangnam-gu-villa-cleaning-company,UPDATED,C:\Users\USER\Desktop\웹페이지대량\deploys\seoul-gangnam-gu-villa-cleaning-company\index.html,c2ca4174984fc198be7aff6decf056e6,생성 완료,서울 강남구 빌라청소 전문업체 | 체인지클린,"서울 강남구 빌라청소 전문업체 전문업체 체인지클린. 현장 상황에 맞춘 입주청소, 이사청소, 상가청소, 사무실청소 상담을 안내합니다.",https://changeclean1.netlify.app/seoul-gangnam-gu-villa-cleaning-company/,2026-07-07 21:51:23
33,서울 강남구 빌라청소 잘하는곳,seoul-gangnam-gu-villa-cleaning-best,UPDATED,C:\Users\USER\Desktop\웹페이지대량\deploys\seoul-gangnam-gu-villa-cleaning-best\index.html,654307db415306787ebb7f7a6668b100,생성 완료,서울 강남구 빌라청소 잘하는곳 | 체인지클린,"서울 강남구 빌라청소 잘하는곳 전문업체 체인지클린. 현장 상황에 맞춘 입주청소, 이사청소, 상가청소, 사무실청소 상담을 안내합니다.",https://changeclean1.netlify.app/seoul-gangnam-gu-villa-cleaning-best/,2026-07-07 21:51:23
34,서울 강남구 빌라청소 가격,seoul-gangnam-gu-villa-cleaning-price,UPDATED,C:\Users\USER\Desktop\웹페이지대량\deploys\seoul-gangnam-gu-villa-cleaning-price\index.html,6195cd719d5e45c50a4f74fc54485285,생성 완료,서울 강남구 빌라청소 가격 | 체인지클린,"서울 강남구 빌라청소 가격 전문업체 체인지클린. 현장 상황에 맞춘 입주청소, 이사청소, 상가청소, 사무실청소 상담을 안내합니다.",https://changeclean1.netlify.app/seoul-gangnam-gu-villa-cleaning-price/,2026-07-07 21:51:23
35,서울 강남구 빌라청소 비용,seoul-gangnam-gu-villa-cleaning-cost,UPDATED,C:\Users\USER\Desktop\웹페이지대량\deploys\seoul-gangnam-gu-villa-cleaning-cost\index.html,4e003af62874ab843670abffb11eb8c7,생성 완료,서울 강남구 빌라청소 비용 | 체인지클린,"서울 강남구 빌라청소 비용 전문업체 체인지클린. 현장 상황에 맞춘 입주청소, 이사청소, 상가청소, 사무실청소 상담을 안내합니다.",https://changeclean1.netlify.app/seoul-gangnam-gu-villa-cleaning-cost/,2026-07-07 21:51:23
36,서울 강남구 빌라청소 견적,seoul-gangnam-gu-villa-cleaning-quote,UPDATED,C:\Users\USER\Desktop\웹페이지대량\deploys\seoul-gangnam-gu-villa-cleaning-quote\index.html,0ffadd43c460e615f9cf04395cf5ffc4,생성 완료,서울 강남구 빌라청소 견적 | 체인지클린,"서울 강남구 빌라청소 견적 전문업체 체인지클린. 현장 상황에 맞춘 입주청소, 이사청소, 상가청소, 사무실청소 상담을 안내합니다.",https://changeclean1.netlify.app/seoul-gangnam-gu-villa-cleaning-quote/,2026-07-07 21:51:23
37,서울 강남구 아파트청소,seoul-gangnam-gu-apartment-cleaning,UPDATED,C:\Users\USER\Desktop\웹페이지대량\deploys\seoul-gangnam-gu-apartment-cleaning\index.html,48b9dccac772137a410bd3d66728c099,생성 완료,서울 강남구 아파트청소 | 체인지클린,"서울 강남구 아파트청소 전문업체 체인지클린. 현장 상황에 맞춘 입주청소, 이사청소, 상가청소, 사무실청소 상담을 안내합니다.",https://changeclean1.netlify.app/seoul-gangnam-gu-apartment-cleaning/,2026-07-07 21:51:23
38,서울 강남구 아파트청소 전문업체,seoul-gangnam-gu-apartment-cleaning-company,UPDATED,C:\Users\USER\Desktop\웹페이지대량\deploys\seoul-gangnam-gu-apartment-cleaning-company\index.html,72f4940e5ac27a5bfb8ad49d891a5d80,생성 완료,서울 강남구 아파트청소 전문업체 | 체인지클린,"서울 강남구 아파트청소 전문업체 전문업체 체인지클린. 현장 상황에 맞춘 입주청소, 이사청소, 상가청소, 사무실청소 상담을 안내합니다.",https://changeclean1.netlify.app/seoul-gangnam-gu-apartment-cleaning-company/,2026-07-07 21:51:23
39,서울 강남구 아파트청소 잘하는곳,seoul-gangnam-gu-apartment-cleaning-best,UPDATED,C:\Users\USER\Desktop\웹페이지대량\deploys\seoul-gangnam-gu-apartment-cleaning-best\index.html,a718c55f2e5b0275cd1319901834665a,생성 완료,서울 강남구 아파트청소 잘하는곳 | 체인지클린,"서울 강남구 아파트청소 잘하는곳 전문업체 체인지클린. 현장 상황에 맞춘 입주청소, 이사청소, 상가청소, 사무실청소 상담을 안내합니다.",https://changeclean1.netlify.app/seoul-gangnam-gu-apartment-cleaning-best/,2026-07-07 21:51:23
40,서울 강남구 아파트청소 가격,seoul-gangnam-gu-apartment-cleaning-price,UPDATED,C:\Users\USER\Desktop\웹페이지대량\deploys\seoul-gangnam-gu-apartment-cleaning-price\index.html,c40bde88a80216d67768884dbb30df07,생성 완료,서울 강남구 아파트청소 가격 | 체인지클린,"서울 강남구 아파트청소 가격 전문업체 체인지클린. 현장 상황에 맞춘 입주청소, 이사청소, 상가청소, 사무실청소 상담을 안내합니다.",https://changeclean1.netlify.app/seoul-gangnam-gu-apartment-cleaning-price/,2026-07-07 21:51:23
41,서울 강남구 아파트청소 비용,seoul-gangnam-gu-apartment-cleaning-cost,UPDATED,C:\Users\USER\Desktop\웹페이지대량\deploys\seoul-gangnam-gu-apartment-cleaning-cost\index.html,59c64dba48979165d8e78f3afcdd7a9f,생성 완료,서울 강남구 아파트청소 비용 | 체인지클린,"서울 강남구 아파트청소 비용 전문업체 체인지클린. 현장 상황에 맞춘 입주청소, 이사청소, 상가청소, 사무실청소 상담을 안내합니다.",https://changeclean1.netlify.app/seoul-gangnam-gu-apartment-cleaning-cost/,2026-07-07 21:51:23
42,서울 강남구 아파트청소 견적,seoul-gangnam-gu-apartment-cleaning-quote,UPDATED,C:\Users\USER\Desktop\웹페이지대량\deploys\seoul-gangnam-gu-apartment-cleaning-quote\index.html,845d8e7e5d575e373d9dd39a54ce77b9,생성 완료,서울 강남구 아파트청소 견적 | 체인지클린,"서울 강남구 아파트청소 견적 전문업체 체인지클린. 현장 상황에 맞춘 입주청소, 이사청소, 상가청소, 사무실청소 상담을 안내합니다.",https://changeclean1.netlify.app/seoul-gangnam-gu-apartment-cleaning-quote/,2026-07-07 21:51:23
43,서울 강남구 오피스텔청소,seoul-gangnam-gu-officetel-cleaning,UPDATED,C:\Users\USER\Desktop\웹페이지대량\deploys\seoul-gangnam-gu-officetel-cleaning\index.html,969934d00bcd4042b01d68b15da52199,생성 완료,서울 강남구 오피스텔청소 | 체인지클린,"서울 강남구 오피스텔청소 전문업체 체인지클린. 현장 상황에 맞춘 입주청소, 이사청소, 상가청소, 사무실청소 상담을 안내합니다.",https://changeclean1.netlify.app/seoul-gangnam-gu-officetel-cleaning/,2026-07-07 21:51:23
44,서울 강남구 오피스텔청소 전문업체,seoul-gangnam-gu-officetel-cleaning-company,UPDATED,C:\Users\USER\Desktop\웹페이지대량\deploys\seoul-gangnam-gu-officetel-cleaning-company\index.html,c1f4e7290722bce6faa9c95178f8993f,생성 완료,서울 강남구 오피스텔청소 전문업체 | 체인지클린,"서울 강남구 오피스텔청소 전문업체 전문업체 체인지클린. 현장 상황에 맞춘 입주청소, 이사청소, 상가청소, 사무실청소 상담을 안내합니다.",https://changeclean1.netlify.app/seoul-gangnam-gu-officetel-cleaning-company/,2026-07-07 21:51:23
45,서울 강남구 오피스텔청소 잘하는곳,seoul-gangnam-gu-officetel-cleaning-best,UPDATED,C:\Users\USER\Desktop\웹페이지대량\deploys\seoul-gangnam-gu-officetel-cleaning-best\index.html,ae5765fe50c9f88e59a8047db2dabaa2,생성 완료,서울 강남구 오피스텔청소 잘하는곳 | 체인지클린,"서울 강남구 오피스텔청소 잘하는곳 전문업체 체인지클린. 현장 상황에 맞춘 입주청소, 이사청소, 상가청소, 사무실청소 상담을 안내합니다.",https://changeclean1.netlify.app/seoul-gangnam-gu-officetel-cleaning-best/,2026-07-07 21:51:23
46,서울 강남구 오피스텔청소 가격,seoul-gangnam-gu-officetel-cleaning-price,UPDATED,C:\Users\USER\Desktop\웹페이지대량\deploys\seoul-gangnam-gu-officetel-cleaning-price\index.html,58bea16e18226bf72072351cab3616c3,생성 완료,서울 강남구 오피스텔청소 가격 | 체인지클린,"서울 강남구 오피스텔청소 가격 전문업체 체인지클린. 현장 상황에 맞춘 입주청소, 이사청소, 상가청소, 사무실청소 상담을 안내합니다.",https://changeclean1.netlify.app/seoul-gangnam-gu-officetel-cleaning-price/,2026-07-07 21:51:23
47,서울 강남구 오피스텔청소 비용,seoul-gangnam-gu-officetel-cleaning-cost,UPDATED,C:\Users\USER\Desktop\웹페이지대량\deploys\seoul-gangnam-gu-officetel-cleaning-cost\index.html,540e2698a547964f398d77b2a53652c7,생성 완료,서울 강남구 오피스텔청소 비용 | 체인지클린,"서울 강남구 오피스텔청소 비용 전문업체 체인지클린. 현장 상황에 맞춘 입주청소, 이사청소, 상가청소, 사무실청소 상담을 안내합니다.",https://changeclean1.netlify.app/seoul-gangnam-gu-officetel-cleaning-cost/,2026-07-07 21:51:23
48,서울 강남구 오피스텔청소 견적,seoul-gangnam-gu-officetel-cleaning-quote,UPDATED,C:\Users\USER\Desktop\웹페이지대량\deploys\seoul-gangnam-gu-officetel-cleaning-quote\index.html,b6d5de8f60ddb979188edebb401ac28b,생성 완료,서울 강남구 오피스텔청소 견적 | 체인지클린,"서울 강남구 오피스텔청소 견적 전문업체 체인지클린. 현장 상황에 맞춘 입주청소, 이사청소, 상가청소, 사무실청소 상담을 안내합니다.",https://changeclean1.netlify.app/seoul-gangnam-gu-officetel-cleaning-quote/,2026-07-07 21:51:23
49,서울 강남구 거주청소,seoul-gangnam-gu-home-cleaning,UPDATED,C:\Users\USER\Desktop\웹페이지대량\deploys\seoul-gangnam-gu-home-cleaning\index.html,aa1f3e8df095f3beaa5ee2cde45af119,생성 완료,서울 강남구 거주청소 | 체인지클린,"서울 강남구 거주청소 전문업체 체인지클린. 현장 상황에 맞춘 입주청소, 이사청소, 상가청소, 사무실청소 상담을 안내합니다.",https://changeclean1.netlify.app/seoul-gangnam-gu-home-cleaning/,2026-07-07 21:51:23
50,서울 강남구 거주청소 전문업체,seoul-gangnam-gu-home-cleaning-company,UPDATED,C:\Users\USER\Desktop\웹페이지대량\deploys\seoul-gangnam-gu-home-cleaning-company\index.html,bdd15e3bba5a57972aacad608b94e39a,생성 완료,서울 강남구 거주청소 전문업체 | 체인지클린,"서울 강남구 거주청소 전문업체 전문업체 체인지클린. 현장 상황에 맞춘 입주청소, 이사청소, 상가청소, 사무실청소 상담을 안내합니다.",https://changeclean1.netlify.app/seoul-gangnam-gu-home-cleaning-company/,2026-07-07 21:51:23
51,서울 강남구 거주청소 잘하는곳,seoul-gangnam-gu-home-cleaning-best,UPDATED,C:\Users\USER\Desktop\웹페이지대량\deploys\seoul-gangnam-gu-home-cleaning-best\index.html,0593876c6e30788fd728cc2f2dff8344,생성 완료,서울 강남구 거주청소 잘하는곳 | 체인지클린,"서울 강남구 거주청소 잘하는곳 전문업체 체인지클린. 현장 상황에 맞춘 입주청소, 이사청소, 상가청소, 사무실청소 상담을 안내합니다.",https://changeclean1.netlify.app/seoul-gangnam-gu-home-cleaning-best/,2026-07-07 21:51:23
52,서울 강남구 거주청소 가격,seoul-gangnam-gu-home-cleaning-price,UPDATED,C:\Users\USER\Desktop\웹페이지대량\deploys\seoul-gangnam-gu-home-cleaning-price\index.html,c43051dd3189b7e7f64d4445cd69a4b8,생성 완료,서울 강남구 거주청소 가격 | 체인지클린,"서울 강남구 거주청소 가격 전문업체 체인지클린. 현장 상황에 맞춘 입주청소, 이사청소, 상가청소, 사무실청소 상담을 안내합니다.",https://changeclean1.netlify.app/seoul-gangnam-gu-home-cleaning-price/,2026-07-07 21:51:23
53,서울 강남구 거주청소 비용,seoul-gangnam-gu-home-cleaning-cost,UPDATED,C:\Users\USER\Desktop\웹페이지대량\deploys\seoul-gangnam-gu-home-cleaning-cost\index.html,ae18dc4b44e4429f147540b2170cd177,생성 완료,서울 강남구 거주청소 비용 | 체인지클린,"서울 강남구 거주청소 비용 전문업체 체인지클린. 현장 상황에 맞춘 입주청소, 이사청소, 상가청소, 사무실청소 상담을 안내합니다.",https://changeclean1.netlify.app/seoul-gangnam-gu-home-cleaning-cost/,2026-07-07 21:51:23
54,서울 강남구 거주청소 견적,seoul-gangnam-gu-home-cleaning-quote,UPDATED,C:\Users\USER\Desktop\웹페이지대량\deploys\seoul-gangnam-gu-home-cleaning-quote\index.html,0a45f22a6971b15dbe4510258b42b0c9,생성 완료,서울 강남구 거주청소 견적 | 체인지클린,"서울 강남구 거주청소 견적 전문업체 체인지클린. 현장 상황에 맞춘 입주청소, 이사청소, 상가청소, 사무실청소 상담을 안내합니다.",https://changeclean1.netlify.app/seoul-gangnam-gu-home-cleaning-quote/,2026-07-07 21:51:23
55,서울 서초구 입주청소,seoul-seocho-gu-move-in-cleaning,UPDATED,C:\Users\USER\Desktop\웹페이지대량\deploys\seoul-seocho-gu-move-in-cleaning\index.html,8746faf01eaa2caec5dca34d84d00e37,생성 완료,서울 서초구 입주청소 | 체인지클린,"서울 서초구 입주청소 전문업체 체인지클린. 현장 상황에 맞춘 입주청소, 이사청소, 상가청소, 사무실청소 상담을 안내합니다.",https://changeclean1.netlify.app/seoul-seocho-gu-move-in-cleaning/,2026-07-07 21:51:23
56,서울 서초구 입주청소 전문업체,seoul-seocho-gu-move-in-cleaning-company,UPDATED,C:\Users\USER\Desktop\웹페이지대량\deploys\seoul-seocho-gu-move-in-cleaning-company\index.html,3e97091bf2829dba4ef5f4d29f5e0b91,생성 완료,서울 서초구 입주청소 전문업체 | 체인지클린,"서울 서초구 입주청소 전문업체 전문업체 체인지클린. 현장 상황에 맞춘 입주청소, 이사청소, 상가청소, 사무실청소 상담을 안내합니다.",https://changeclean1.netlify.app/seoul-seocho-gu-move-in-cleaning-company/,2026-07-07 21:51:23
57,서울 서초구 입주청소 잘하는곳,seoul-seocho-gu-move-in-cleaning-best,UPDATED,C:\Users\USER\Desktop\웹페이지대량\deploys\seoul-seocho-gu-move-in-cleaning-best\index.html,f7636733a41fe7a8c96dd8482a053957,생성 완료,서울 서초구 입주청소 잘하는곳 | 체인지클린,"서울 서초구 입주청소 잘하는곳 전문업체 체인지클린. 현장 상황에 맞춘 입주청소, 이사청소, 상가청소, 사무실청소 상담을 안내합니다.",https://changeclean1.netlify.app/seoul-seocho-gu-move-in-cleaning-best/,2026-07-07 21:51:23
58,서울 서초구 입주청소 가격,seoul-seocho-gu-move-in-cleaning-price,UPDATED,C:\Users\USER\Desktop\웹페이지대량\deploys\seoul-seocho-gu-move-in-cleaning-price\index.html,c8b904606c746c9fbe9c126ded7e42fe,생성 완료,서울 서초구 입주청소 가격 | 체인지클린,"서울 서초구 입주청소 가격 전문업체 체인지클린. 현장 상황에 맞춘 입주청소, 이사청소, 상가청소, 사무실청소 상담을 안내합니다.",https://changeclean1.netlify.app/seoul-seocho-gu-move-in-cleaning-price/,2026-07-07 21:51:23
59,서울 서초구 입주청소 비용,seoul-seocho-gu-move-in-cleaning-cost,UPDATED,C:\Users\USER\Desktop\웹페이지대량\deploys\seoul-seocho-gu-move-in-cleaning-cost\index.html,cccfbc725f5d60f8945685e68ec7941d,생성 완료,서울 서초구 입주청소 비용 | 체인지클린,"서울 서초구 입주청소 비용 전문업체 체인지클린. 현장 상황에 맞춘 입주청소, 이사청소, 상가청소, 사무실청소 상담을 안내합니다.",https://changeclean1.netlify.app/seoul-seocho-gu-move-in-cleaning-cost/,2026-07-07 21:51:23
60,서울 서초구 입주청소 견적,seoul-seocho-gu-move-in-cleaning-quote,UPDATED,C:\Users\USER\Desktop\웹페이지대량\deploys\seoul-seocho-gu-move-in-cleaning-quote\index.html,834bbf75a14f0bfc8a9aa9ef76bfa7e5,생성 완료,서울 서초구 입주청소 견적 | 체인지클린,"서울 서초구 입주청소 견적 전문업체 체인지클린. 현장 상황에 맞춘 입주청소, 이사청소, 상가청소, 사무실청소 상담을 안내합니다.",https://changeclean1.netlify.app/seoul-seocho-gu-move-in-cleaning-quote/,2026-07-07 21:51:23
61,서울 서초구 이사청소,seoul-seocho-gu-move-out-cleaning,UPDATED,C:\Users\USER\Desktop\웹페이지대량\deploys\seoul-seocho-gu-move-out-cleaning\index.html,58b3e98f33b97e88830c45b044dab069,생성 완료,서울 서초구 이사청소 | 체인지클린,"서울 서초구 이사청소 전문업체 체인지클린. 현장 상황에 맞춘 입주청소, 이사청소, 상가청소, 사무실청소 상담을 안내합니다.",https://changeclean1.netlify.app/seoul-seocho-gu-move-out-cleaning/,2026-07-07 21:51:23
62,서울 서초구 이사청소 전문업체,seoul-seocho-gu-move-out-cleaning-company,UPDATED,C:\Users\USER\Desktop\웹페이지대량\deploys\seoul-seocho-gu-move-out-cleaning-company\index.html,d81e6b667638758ea2e5f4e702307047,생성 완료,서울 서초구 이사청소 전문업체 | 체인지클린,"서울 서초구 이사청소 전문업체 전문업체 체인지클린. 현장 상황에 맞춘 입주청소, 이사청소, 상가청소, 사무실청소 상담을 안내합니다.",https://changeclean1.netlify.app/seoul-seocho-gu-move-out-cleaning-company/,2026-07-07 21:51:23
63,서울 서초구 이사청소 잘하는곳,seoul-seocho-gu-move-out-cleaning-best,UPDATED,C:\Users\USER\Desktop\웹페이지대량\deploys\seoul-seocho-gu-move-out-cleaning-best\index.html,e3c8fee6999b020f2e89e36ea8d1884b,생성 완료,서울 서초구 이사청소 잘하는곳 | 체인지클린,"서울 서초구 이사청소 잘하는곳 전문업체 체인지클린. 현장 상황에 맞춘 입주청소, 이사청소, 상가청소, 사무실청소 상담을 안내합니다.",https://changeclean1.netlify.app/seoul-seocho-gu-move-out-cleaning-best/,2026-07-07 21:51:23
64,서울 서초구 이사청소 가격,seoul-seocho-gu-move-out-cleaning-price,UPDATED,C:\Users\USER\Desktop\웹페이지대량\deploys\seoul-seocho-gu-move-out-cleaning-price\index.html,36f44cb056acc0a3e29957ad5cf6734d,생성 완료,서울 서초구 이사청소 가격 | 체인지클린,"서울 서초구 이사청소 가격 전문업체 체인지클린. 현장 상황에 맞춘 입주청소, 이사청소, 상가청소, 사무실청소 상담을 안내합니다.",https://changeclean1.netlify.app/seoul-seocho-gu-move-out-cleaning-price/,2026-07-07 21:51:23
65,서울 서초구 이사청소 비용,seoul-seocho-gu-move-out-cleaning-cost,UPDATED,C:\Users\USER\Desktop\웹페이지대량\deploys\seoul-seocho-gu-move-out-cleaning-cost\index.html,3d74b525d8b8ebbe49b6c0ad5b8d7dec,생성 완료,서울 서초구 이사청소 비용 | 체인지클린,"서울 서초구 이사청소 비용 전문업체 체인지클린. 현장 상황에 맞춘 입주청소, 이사청소, 상가청소, 사무실청소 상담을 안내합니다.",https://changeclean1.netlify.app/seoul-seocho-gu-move-out-cleaning-cost/,2026-07-07 21:51:23
66,서울 서초구 이사청소 견적,seoul-seocho-gu-move-out-cleaning-quote,UPDATED,C:\Users\USER\Desktop\웹페이지대량\deploys\seoul-seocho-gu-move-out-cleaning-quote\index.html,93f096451892637fc70a080102b6f177,생성 완료,서울 서초구 이사청소 견적 | 체인지클린,"서울 서초구 이사청소 견적 전문업체 체인지클린. 현장 상황에 맞춘 입주청소, 이사청소, 상가청소, 사무실청소 상담을 안내합니다.",https://changeclean1.netlify.app/seoul-seocho-gu-move-out-cleaning-quote/,2026-07-07 21:51:23
67,서울 서초구 준공청소,seoul-seocho-gu-post-construction-cleaning,UPDATED,C:\Users\USER\Desktop\웹페이지대량\deploys\seoul-seocho-gu-post-construction-cleaning\index.html,0a9b06d6167025f442d49d61fd0ede56,생성 완료,서울 서초구 준공청소 | 체인지클린,"서울 서초구 준공청소 전문업체 체인지클린. 현장 상황에 맞춘 입주청소, 이사청소, 상가청소, 사무실청소 상담을 안내합니다.",https://changeclean1.netlify.app/seoul-seocho-gu-post-construction-cleaning/,2026-07-07 21:51:23
68,서울 서초구 준공청소 전문업체,seoul-seocho-gu-post-construction-cleaning-company,UPDATED,C:\Users\USER\Desktop\웹페이지대량\deploys\seoul-seocho-gu-post-construction-cleaning-company\index.html,ca58a46a7a4d7662f014fe9f935ea2d6,생성 완료,서울 서초구 준공청소 전문업체 | 체인지클린,"서울 서초구 준공청소 전문업체 전문업체 체인지클린. 현장 상황에 맞춘 입주청소, 이사청소, 상가청소, 사무실청소 상담을 안내합니다.",https://changeclean1.netlify.app/seoul-seocho-gu-post-construction-cleaning-company/,2026-07-07 21:51:23
69,서울 서초구 준공청소 잘하는곳,seoul-seocho-gu-post-construction-cleaning-best,UPDATED,C:\Users\USER\Desktop\웹페이지대량\deploys\seoul-seocho-gu-post-construction-cleaning-best\index.html,efc9efb2400084fbc070c875e1dfdc2e,생성 완료,서울 서초구 준공청소 잘하는곳 | 체인지클린,"서울 서초구 준공청소 잘하는곳 전문업체 체인지클린. 현장 상황에 맞춘 입주청소, 이사청소, 상가청소, 사무실청소 상담을 안내합니다.",https://changeclean1.netlify.app/seoul-seocho-gu-post-construction-cleaning-best/,2026-07-07 21:51:23
70,서울 서초구 준공청소 가격,seoul-seocho-gu-post-construction-cleaning-price,UPDATED,C:\Users\USER\Desktop\웹페이지대량\deploys\seoul-seocho-gu-post-construction-cleaning-price\index.html,c7b4325eea4acbb018385820732de6fb,생성 완료,서울 서초구 준공청소 가격 | 체인지클린,"서울 서초구 준공청소 가격 전문업체 체인지클린. 현장 상황에 맞춘 입주청소, 이사청소, 상가청소, 사무실청소 상담을 안내합니다.",https://changeclean1.netlify.app/seoul-seocho-gu-post-construction-cleaning-price/,2026-07-07 21:51:23
71,서울 서초구 준공청소 비용,seoul-seocho-gu-post-construction-cleaning-cost,UPDATED,C:\Users\USER\Desktop\웹페이지대량\deploys\seoul-seocho-gu-post-construction-cleaning-cost\index.html,5a4eff6e0c93abc4656116e32bd6ff0a,생성 완료,서울 서초구 준공청소 비용 | 체인지클린,"서울 서초구 준공청소 비용 전문업체 체인지클린. 현장 상황에 맞춘 입주청소, 이사청소, 상가청소, 사무실청소 상담을 안내합니다.",https://changeclean1.netlify.app/seoul-seocho-gu-post-construction-cleaning-cost/,2026-07-07 21:51:23
72,서울 서초구 준공청소 견적,seoul-seocho-gu-post-construction-cleaning-quote,UPDATED,C:\Users\USER\Desktop\웹페이지대량\deploys\seoul-seocho-gu-post-construction-cleaning-quote\index.html,024b82f2ce60abe237c81eb4fa6ba0b4,생성 완료,서울 서초구 준공청소 견적 | 체인지클린,"서울 서초구 준공청소 견적 전문업체 체인지클린. 현장 상황에 맞춘 입주청소, 이사청소, 상가청소, 사무실청소 상담을 안내합니다.",https://changeclean1.netlify.app/seoul-seocho-gu-post-construction-cleaning-quote/,2026-07-07 21:51:23
73,서울 서초구 상가청소,seoul-seocho-gu-store-cleaning,UPDATED,C:\Users\USER\Desktop\웹페이지대량\deploys\seoul-seocho-gu-store-cleaning\index.html,b3a4701c94cc8ce930200122086162d1,생성 완료,서울 서초구 상가청소 | 체인지클린,"서울 서초구 상가청소 전문업체 체인지클린. 현장 상황에 맞춘 입주청소, 이사청소, 상가청소, 사무실청소 상담을 안내합니다.",https://changeclean1.netlify.app/seoul-seocho-gu-store-cleaning/,2026-07-07 21:51:23
74,서울 서초구 상가청소 전문업체,seoul-seocho-gu-store-cleaning-company,UPDATED,C:\Users\USER\Desktop\웹페이지대량\deploys\seoul-seocho-gu-store-cleaning-company\index.html,bc237527e7bcd7ded0dbe86ff3c8937a,생성 완료,서울 서초구 상가청소 전문업체 | 체인지클린,"서울 서초구 상가청소 전문업체 전문업체 체인지클린. 현장 상황에 맞춘 입주청소, 이사청소, 상가청소, 사무실청소 상담을 안내합니다.",https://changeclean1.netlify.app/seoul-seocho-gu-store-cleaning-company/,2026-07-07 21:51:23
75,서울 서초구 상가청소 잘하는곳,seoul-seocho-gu-store-cleaning-best,UPDATED,C:\Users\USER\Desktop\웹페이지대량\deploys\seoul-seocho-gu-store-cleaning-best\index.html,1ff588fe74f8db41e91e1863bcfb023c,생성 완료,서울 서초구 상가청소 잘하는곳 | 체인지클린,"서울 서초구 상가청소 잘하는곳 전문업체 체인지클린. 현장 상황에 맞춘 입주청소, 이사청소, 상가청소, 사무실청소 상담을 안내합니다.",https://changeclean1.netlify.app/seoul-seocho-gu-store-cleaning-best/,2026-07-07 21:51:23
76,서울 서초구 상가청소 가격,seoul-seocho-gu-store-cleaning-price,UPDATED,C:\Users\USER\Desktop\웹페이지대량\deploys\seoul-seocho-gu-store-cleaning-price\index.html,a77e66677419bec8299a38d9a4cb888e,생성 완료,서울 서초구 상가청소 가격 | 체인지클린,"서울 서초구 상가청소 가격 전문업체 체인지클린. 현장 상황에 맞춘 입주청소, 이사청소, 상가청소, 사무실청소 상담을 안내합니다.",https://changeclean1.netlify.app/seoul-seocho-gu-store-cleaning-price/,2026-07-07 21:51:23
77,서울 서초구 상가청소 비용,seoul-seocho-gu-store-cleaning-cost,UPDATED,C:\Users\USER\Desktop\웹페이지대량\deploys\seoul-seocho-gu-store-cleaning-cost\index.html,9a107e42113b0b36ef1f22e4bf71ae26,생성 완료,서울 서초구 상가청소 비용 | 체인지클린,"서울 서초구 상가청소 비용 전문업체 체인지클린. 현장 상황에 맞춘 입주청소, 이사청소, 상가청소, 사무실청소 상담을 안내합니다.",https://changeclean1.netlify.app/seoul-seocho-gu-store-cleaning-cost/,2026-07-07 21:51:23
78,서울 서초구 상가청소 견적,seoul-seocho-gu-store-cleaning-quote,UPDATED,C:\Users\USER\Desktop\웹페이지대량\deploys\seoul-seocho-gu-store-cleaning-quote\index.html,c09a14b158eb2677352ae1c278d45a1f,생성 완료,서울 서초구 상가청소 견적 | 체인지클린,"서울 서초구 상가청소 견적 전문업체 체인지클린. 현장 상황에 맞춘 입주청소, 이사청소, 상가청소, 사무실청소 상담을 안내합니다.",https://changeclean1.netlify.app/seoul-seocho-gu-store-cleaning-quote/,2026-07-07 21:51:23
79,서울 서초구 사무실청소,seoul-seocho-gu-office-cleaning,UPDATED,C:\Users\USER\Desktop\웹페이지대량\deploys\seoul-seocho-gu-office-cleaning\index.html,232a916450146e3d1a53078dbeffcd38,생성 완료,서울 서초구 사무실청소 | 체인지클린,"서울 서초구 사무실청소 전문업체 체인지클린. 현장 상황에 맞춘 입주청소, 이사청소, 상가청소, 사무실청소 상담을 안내합니다.",https://changeclean1.netlify.app/seoul-seocho-gu-office-cleaning/,2026-07-07 21:51:23
80,서울 서초구 사무실청소 전문업체,seoul-seocho-gu-office-cleaning-company,UPDATED,C:\Users\USER\Desktop\웹페이지대량\deploys\seoul-seocho-gu-office-cleaning-company\index.html,c15a13f1c3090198bc66145cd731fb39,생성 완료,서울 서초구 사무실청소 전문업체 | 체인지클린,"서울 서초구 사무실청소 전문업체 전문업체 체인지클린. 현장 상황에 맞춘 입주청소, 이사청소, 상가청소, 사무실청소 상담을 안내합니다.",https://changeclean1.netlify.app/seoul-seocho-gu-office-cleaning-company/,2026-07-07 21:51:23
81,서울 서초구 사무실청소 잘하는곳,seoul-seocho-gu-office-cleaning-best,UPDATED,C:\Users\USER\Desktop\웹페이지대량\deploys\seoul-seocho-gu-office-cleaning-best\index.html,ddfda7b765febda711192052481c0c08,생성 완료,서울 서초구 사무실청소 잘하는곳 | 체인지클린,"서울 서초구 사무실청소 잘하는곳 전문업체 체인지클린. 현장 상황에 맞춘 입주청소, 이사청소, 상가청소, 사무실청소 상담을 안내합니다.",https://changeclean1.netlify.app/seoul-seocho-gu-office-cleaning-best/,2026-07-07 21:51:23
82,서울 서초구 사무실청소 가격,seoul-seocho-gu-office-cleaning-price,UPDATED,C:\Users\USER\Desktop\웹페이지대량\deploys\seoul-seocho-gu-office-cleaning-price\index.html,f08469169da7870dfa19c855fa8e8e90,생성 완료,서울 서초구 사무실청소 가격 | 체인지클린,"서울 서초구 사무실청소 가격 전문업체 체인지클린. 현장 상황에 맞춘 입주청소, 이사청소, 상가청소, 사무실청소 상담을 안내합니다.",https://changeclean1.netlify.app/seoul-seocho-gu-office-cleaning-price/,2026-07-07 21:51:23
83,서울 서초구 사무실청소 비용,seoul-seocho-gu-office-cleaning-cost,UPDATED,C:\Users\USER\Desktop\웹페이지대량\deploys\seoul-seocho-gu-office-cleaning-cost\index.html,7c0431af5c11d5488bfabd0ec378305e,생성 완료,서울 서초구 사무실청소 비용 | 체인지클린,"서울 서초구 사무실청소 비용 전문업체 체인지클린. 현장 상황에 맞춘 입주청소, 이사청소, 상가청소, 사무실청소 상담을 안내합니다.",https://changeclean1.netlify.app/seoul-seocho-gu-office-cleaning-cost/,2026-07-07 21:51:23
84,서울 서초구 사무실청소 견적,seoul-seocho-gu-office-cleaning-quote,UPDATED,C:\Users\USER\Desktop\웹페이지대량\deploys\seoul-seocho-gu-office-cleaning-quote\index.html,96c6dd1f7003648a30855a44ce718e12,생성 완료,서울 서초구 사무실청소 견적 | 체인지클린,"서울 서초구 사무실청소 견적 전문업체 체인지클린. 현장 상황에 맞춘 입주청소, 이사청소, 상가청소, 사무실청소 상담을 안내합니다.",https://changeclean1.netlify.app/seoul-seocho-gu-office-cleaning-quote/,2026-07-07 21:51:23
85,서울 서초구 빌라청소,seoul-seocho-gu-villa-cleaning,UPDATED,C:\Users\USER\Desktop\웹페이지대량\deploys\seoul-seocho-gu-villa-cleaning\index.html,1da58d992ffac9d5cbfe678a110b5a38,생성 완료,서울 서초구 빌라청소 | 체인지클린,"서울 서초구 빌라청소 전문업체 체인지클린. 현장 상황에 맞춘 입주청소, 이사청소, 상가청소, 사무실청소 상담을 안내합니다.",https://changeclean1.netlify.app/seoul-seocho-gu-villa-cleaning/,2026-07-07 21:51:23
86,서울 서초구 빌라청소 전문업체,seoul-seocho-gu-villa-cleaning-company,UPDATED,C:\Users\USER\Desktop\웹페이지대량\deploys\seoul-seocho-gu-villa-cleaning-company\index.html,2251f84a74d063cafe459fa259cc8114,생성 완료,서울 서초구 빌라청소 전문업체 | 체인지클린,"서울 서초구 빌라청소 전문업체 전문업체 체인지클린. 현장 상황에 맞춘 입주청소, 이사청소, 상가청소, 사무실청소 상담을 안내합니다.",https://changeclean1.netlify.app/seoul-seocho-gu-villa-cleaning-company/,2026-07-07 21:51:23
87,서울 서초구 빌라청소 잘하는곳,seoul-seocho-gu-villa-cleaning-best,UPDATED,C:\Users\USER\Desktop\웹페이지대량\deploys\seoul-seocho-gu-villa-cleaning-best\index.html,7d877e217f12634aec38d54a9b0ff866,생성 완료,서울 서초구 빌라청소 잘하는곳 | 체인지클린,"서울 서초구 빌라청소 잘하는곳 전문업체 체인지클린. 현장 상황에 맞춘 입주청소, 이사청소, 상가청소, 사무실청소 상담을 안내합니다.",https://changeclean1.netlify.app/seoul-seocho-gu-villa-cleaning-best/,2026-07-07 21:51:23
88,서울 서초구 빌라청소 가격,seoul-seocho-gu-villa-cleaning-price,UPDATED,C:\Users\USER\Desktop\웹페이지대량\deploys\seoul-seocho-gu-villa-cleaning-price\index.html,0772475ee08e94ad48bf0948428e4fdf,생성 완료,서울 서초구 빌라청소 가격 | 체인지클린,"서울 서초구 빌라청소 가격 전문업체 체인지클린. 현장 상황에 맞춘 입주청소, 이사청소, 상가청소, 사무실청소 상담을 안내합니다.",https://changeclean1.netlify.app/seoul-seocho-gu-villa-cleaning-price/,2026-07-07 21:51:23
89,서울 서초구 빌라청소 비용,seoul-seocho-gu-villa-cleaning-cost,UPDATED,C:\Users\USER\Desktop\웹페이지대량\deploys\seoul-seocho-gu-villa-cleaning-cost\index.html,1a0b075b9b4ab06c73d4c01f0c92b548,생성 완료,서울 서초구 빌라청소 비용 | 체인지클린,"서울 서초구 빌라청소 비용 전문업체 체인지클린. 현장 상황에 맞춘 입주청소, 이사청소, 상가청소, 사무실청소 상담을 안내합니다.",https://changeclean1.netlify.app/seoul-seocho-gu-villa-cleaning-cost/,2026-07-07 21:51:23
90,서울 서초구 빌라청소 견적,seoul-seocho-gu-villa-cleaning-quote,UPDATED,C:\Users\USER\Desktop\웹페이지대량\deploys\seoul-seocho-gu-villa-cleaning-quote\index.html,734ba9f56eb019c30c9b654bd6c024a1,생성 완료,서울 서초구 빌라청소 견적 | 체인지클린,"서울 서초구 빌라청소 견적 전문업체 체인지클린. 현장 상황에 맞춘 입주청소, 이사청소, 상가청소, 사무실청소 상담을 안내합니다.",https://changeclean1.netlify.app/seoul-seocho-gu-villa-cleaning-quote/,2026-07-07 21:51:23
91,서울 서초구 아파트청소,seoul-seocho-gu-apartment-cleaning,UPDATED,C:\Users\USER\Desktop\웹페이지대량\deploys\seoul-seocho-gu-apartment-cleaning\index.html,5f1d816319ddb0f1d71f690a8ca0553c,생성 완료,서울 서초구 아파트청소 | 체인지클린,"서울 서초구 아파트청소 전문업체 체인지클린. 현장 상황에 맞춘 입주청소, 이사청소, 상가청소, 사무실청소 상담을 안내합니다.",https://changeclean1.netlify.app/seoul-seocho-gu-apartment-cleaning/,2026-07-07 21:51:23
92,서울 서초구 아파트청소 전문업체,seoul-seocho-gu-apartment-cleaning-company,UPDATED,C:\Users\USER\Desktop\웹페이지대량\deploys\seoul-seocho-gu-apartment-cleaning-company\index.html,54309683256e111cb2841cfdf7565c9c,생성 완료,서울 서초구 아파트청소 전문업체 | 체인지클린,"서울 서초구 아파트청소 전문업체 전문업체 체인지클린. 현장 상황에 맞춘 입주청소, 이사청소, 상가청소, 사무실청소 상담을 안내합니다.",https://changeclean1.netlify.app/seoul-seocho-gu-apartment-cleaning-company/,2026-07-07 21:51:23
93,서울 서초구 아파트청소 잘하는곳,seoul-seocho-gu-apartment-cleaning-best,UPDATED,C:\Users\USER\Desktop\웹페이지대량\deploys\seoul-seocho-gu-apartment-cleaning-best\index.html,036e6822897eaabc3e181d8ce1688924,생성 완료,서울 서초구 아파트청소 잘하는곳 | 체인지클린,"서울 서초구 아파트청소 잘하는곳 전문업체 체인지클린. 현장 상황에 맞춘 입주청소, 이사청소, 상가청소, 사무실청소 상담을 안내합니다.",https://changeclean1.netlify.app/seoul-seocho-gu-apartment-cleaning-best/,2026-07-07 21:51:23
94,서울 서초구 아파트청소 가격,seoul-seocho-gu-apartment-cleaning-price,UPDATED,C:\Users\USER\Desktop\웹페이지대량\deploys\seoul-seocho-gu-apartment-cleaning-price\index.html,631ce4e116154d60aca836414865b90d,생성 완료,서울 서초구 아파트청소 가격 | 체인지클린,"서울 서초구 아파트청소 가격 전문업체 체인지클린. 현장 상황에 맞춘 입주청소, 이사청소, 상가청소, 사무실청소 상담을 안내합니다.",https://changeclean1.netlify.app/seoul-seocho-gu-apartment-cleaning-price/,2026-07-07 21:51:23
95,서울 서초구 아파트청소 비용,seoul-seocho-gu-apartment-cleaning-cost,UPDATED,C:\Users\USER\Desktop\웹페이지대량\deploys\seoul-seocho-gu-apartment-cleaning-cost\index.html,847fa1c45a8a36c75f6b9a2b0419021c,생성 완료,서울 서초구 아파트청소 비용 | 체인지클린,"서울 서초구 아파트청소 비용 전문업체 체인지클린. 현장 상황에 맞춘 입주청소, 이사청소, 상가청소, 사무실청소 상담을 안내합니다.",https://changeclean1.netlify.app/seoul-seocho-gu-apartment-cleaning-cost/,2026-07-07 21:51:23
96,서울 서초구 아파트청소 견적,seoul-seocho-gu-apartment-cleaning-quote,UPDATED,C:\Users\USER\Desktop\웹페이지대량\deploys\seoul-seocho-gu-apartment-cleaning-quote\index.html,c0b60733d9b4acbe132411e9921b552b,생성 완료,서울 서초구 아파트청소 견적 | 체인지클린,"서울 서초구 아파트청소 견적 전문업체 체인지클린. 현장 상황에 맞춘 입주청소, 이사청소, 상가청소, 사무실청소 상담을 안내합니다.",https://changeclean1.netlify.app/seoul-seocho-gu-apartment-cleaning-quote/,2026-07-07 21:51:23
97,서울 서초구 오피스텔청소,seoul-seocho-gu-officetel-cleaning,UPDATED,C:\Users\USER\Desktop\웹페이지대량\deploys\seoul-seocho-gu-officetel-cleaning\index.html,ecec8437d8446e625490e4f1acc0eb90,생성 완료,서울 서초구 오피스텔청소 | 체인지클린,"서울 서초구 오피스텔청소 전문업체 체인지클린. 현장 상황에 맞춘 입주청소, 이사청소, 상가청소, 사무실청소 상담을 안내합니다.",https://changeclean1.netlify.app/seoul-seocho-gu-officetel-cleaning/,2026-07-07 21:51:23
98,서울 서초구 오피스텔청소 전문업체,seoul-seocho-gu-officetel-cleaning-company,UPDATED,C:\Users\USER\Desktop\웹페이지대량\deploys\seoul-seocho-gu-officetel-cleaning-company\index.html,f91333f4ca3d1bf4a23f9818647fd9a0,생성 완료,서울 서초구 오피스텔청소 전문업체 | 체인지클린,"서울 서초구 오피스텔청소 전문업체 전문업체 체인지클린. 현장 상황에 맞춘 입주청소, 이사청소, 상가청소, 사무실청소 상담을 안내합니다.",https://changeclean1.netlify.app/seoul-seocho-gu-officetel-cleaning-company/,2026-07-07 21:51:23
99,서울 서초구 오피스텔청소 잘하는곳,seoul-seocho-gu-officetel-cleaning-best,UPDATED,C:\Users\USER\Desktop\웹페이지대량\deploys\seoul-seocho-gu-officetel-cleaning-best\index.html,f93cb48a56a763a9f63ac8d9c41da0b7,생성 완료,서울 서초구 오피스텔청소 잘하는곳 | 체인지클린,"서울 서초구 오피스텔청소 잘하는곳 전문업체 체인지클린. 현장 상황에 맞춘 입주청소, 이사청소, 상가청소, 사무실청소 상담을 안내합니다.",https://changeclean1.netlify.app/seoul-seocho-gu-officetel-cleaning-best/,2026-07-07 21:51:23
100,서울 서초구 오피스텔청소 가격,seoul-seocho-gu-officetel-cleaning-price,UPDATED,C:\Users\USER\Desktop\웹페이지대량\deploys\seoul-seocho-gu-officetel-cleaning-price\index.html,a67713899d9b307d0f1f25188e0af25d,생성 완료,서울 서초구 오피스텔청소 가격 | 체인지클린,"서울 서초구 오피스텔청소 가격 전문업체 체인지클린. 현장 상황에 맞춘 입주청소, 이사청소, 상가청소, 사무실청소 상담을 안내합니다.",https://changeclean1.netlify.app/seoul-seocho-gu-officetel-cleaning-price/,2026-07-07 21:51:23
