generated_at,keyword,slug,url,location,service,property_type,intent
2026-08-05T22:53:24,인천 중구 아파트 입주청소 전문업체,seo-incheon-jung-gu-apartment-move-in-cleaning-company,https://clever-griffin-93819d.netlify.app/seo-incheon-jung-gu-apartment-move-in-cleaning-company/,인천 중구,입주청소,아파트,전문업체
2026-08-05T22:53:24,인천 중구 아파트 입주청소 비용,seo-incheon-jung-gu-apartment-move-in-cleaning-cost,https://clever-griffin-93819d.netlify.app/seo-incheon-jung-gu-apartment-move-in-cleaning-cost/,인천 중구,입주청소,아파트,비용
2026-08-05T22:53:24,인천 중구 아파트 입주청소 가격,seo-incheon-jung-gu-apartment-move-in-cleaning-price,https://clever-griffin-93819d.netlify.app/seo-incheon-jung-gu-apartment-move-in-cleaning-price/,인천 중구,입주청소,아파트,가격
2026-08-05T22:53:24,인천 중구 아파트 입주청소 견적,seo-incheon-jung-gu-apartment-move-in-cleaning-estimate,https://clever-griffin-93819d.netlify.app/seo-incheon-jung-gu-apartment-move-in-cleaning-estimate/,인천 중구,입주청소,아파트,견적
2026-08-05T22:53:24,인천 중구 아파트 입주청소 예약,seo-incheon-jung-gu-apartment-move-in-cleaning-booking,https://clever-griffin-93819d.netlify.app/seo-incheon-jung-gu-apartment-move-in-cleaning-booking/,인천 중구,입주청소,아파트,예약
2026-08-05T22:53:24,인천 중구 아파트 입주청소 추천,seo-incheon-jung-gu-apartment-move-in-cleaning-recommend,https://clever-griffin-93819d.netlify.app/seo-incheon-jung-gu-apartment-move-in-cleaning-recommend/,인천 중구,입주청소,아파트,추천
2026-08-05T22:53:24,인천 중구 아파트 입주청소 후기,seo-incheon-jung-gu-apartment-move-in-cleaning-review,https://clever-griffin-93819d.netlify.app/seo-incheon-jung-gu-apartment-move-in-cleaning-review/,인천 중구,입주청소,아파트,후기
2026-08-05T22:53:24,인천 중구 아파트 입주청소 잘하는곳,seo-incheon-jung-gu-apartment-move-in-cleaning-best,https://clever-griffin-93819d.netlify.app/seo-incheon-jung-gu-apartment-move-in-cleaning-best/,인천 중구,입주청소,아파트,잘하는곳
2026-08-05T22:53:24,인천 중구 아파트 입주청소 업체,seo-incheon-jung-gu-apartment-move-in-cleaning-service,https://clever-griffin-93819d.netlify.app/seo-incheon-jung-gu-apartment-move-in-cleaning-service/,인천 중구,입주청소,아파트,업체
2026-08-05T22:53:24,인천 중구 아파트 입주청소 당일상담,seo-incheon-jung-gu-apartment-move-in-cleaning-same-day-consult,https://clever-griffin-93819d.netlify.app/seo-incheon-jung-gu-apartment-move-in-cleaning-same-day-consult/,인천 중구,입주청소,아파트,당일상담
